-- ============================================================
--  PearTech — Données de test (export SQL)
--  Généré depuis la base après 'npm run seed'.
--  À exécuter APRÈS schema.sql (ex : dans HeidiSQL).
--  Contient : 5 catégories, 33 produits, 10 utilisateurs,
--  5 adresses, 15 commandes (+ lignes), 20 avis.
-- ============================================================
USE peartech;
SET NAMES utf8mb4;
SET FOREIGN_KEY_CHECKS = 0;
-- MySQL dump 10.13  Distrib 8.4.3, for Win64 (x86_64)
--
-- Host: 127.0.0.1    Database: peartech
-- ------------------------------------------------------
-- Server version	8.4.3

/*!40101 SET @OLD_CHARACTER_SET_CLIENT=@@CHARACTER_SET_CLIENT */;
/*!40101 SET @OLD_CHARACTER_SET_RESULTS=@@CHARACTER_SET_RESULTS */;
/*!40101 SET @OLD_COLLATION_CONNECTION=@@COLLATION_CONNECTION */;
/*!50503 SET NAMES utf8mb4 */;
/*!40103 SET @OLD_TIME_ZONE=@@TIME_ZONE */;
/*!40103 SET TIME_ZONE='+00:00' */;
/*!40014 SET @OLD_UNIQUE_CHECKS=@@UNIQUE_CHECKS, UNIQUE_CHECKS=0 */;
/*!40014 SET @OLD_FOREIGN_KEY_CHECKS=@@FOREIGN_KEY_CHECKS, FOREIGN_KEY_CHECKS=0 */;
/*!40101 SET @OLD_SQL_MODE=@@SQL_MODE, SQL_MODE='NO_AUTO_VALUE_ON_ZERO' */;
/*!40111 SET @OLD_SQL_NOTES=@@SQL_NOTES, SQL_NOTES=0 */;

--
-- Dumping data for table `categories`
--

LOCK TABLES `categories` WRITE;
/*!40000 ALTER TABLE `categories` DISABLE KEYS */;
INSERT INTO `categories` (`id`, `nom`, `slug`, `description`, `icon`, `image`) VALUES ('cat_accessoires','Accessoires','accessoires','Coques, chargeurs, écouteurs et accessoires pour vos appareils','headphones','/asset/image/apple/iphone-15-pro-max.jpg');
INSERT INTO `categories` (`id`, `nom`, `slug`, `description`, `icon`, `image`) VALUES ('cat_android','Android','android','Smartphones Android, tablettes et montres sous Android','android','/asset/image/apple/iphone-15-pro-max.jpg');
INSERT INTO `categories` (`id`, `nom`, `slug`, `description`, `icon`, `image`) VALUES ('cat_apple','Apple','apple','iPhone, iPad, Apple Watch et accessoires Apple','apple','/asset/image/category_apple.jpeg');
INSERT INTO `categories` (`id`, `nom`, `slug`, `description`, `icon`, `image`) VALUES ('cat_tablets','Tablettes','tablettes','Tablettes pour le travail, les études et le divertissement','tablet','/asset/image/apple/iphone-15-pro.jpg');
INSERT INTO `categories` (`id`, `nom`, `slug`, `description`, `icon`, `image`) VALUES ('cat_wearables','Montres connectées','montres','Montres connectées pour le sport, la santé et le quotidien','watch','/asset/image/apple/iphone-15-pro-max-2.jpg');
/*!40000 ALTER TABLE `categories` ENABLE KEYS */;
UNLOCK TABLES;

--
-- Dumping data for table `produits`
--

LOCK TABLES `produits` WRITE;
/*!40000 ALTER TABLE `produits` DISABLE KEYS */;
INSERT INTO `produits` (`id`, `nom`, `slug`, `categorie_id`, `marque`, `prix`, `ancien_prix`, `description`, `stock`, `est_nouveau`, `est_bestseller`, `note`, `nb_avis`, `specs`, `options`, `images`, `tags`, `cree_le`) VALUES (1,'iPhone 15 Pro Max','iphone-15-pro-max','cat_apple','Apple',1479.00,1599.00,'L\'iPhone 15 Pro Max, le plus puissant des iPhone avec un zoom optique x5 et un design en titane.',18,1,1,0.0,0,'{\"os\": \"iOS 17\", \"ram\": \"8 Go\", \"camera\": \"48 Mpx + 12 Mpx + 12 Mpx + LiDAR\", \"screen\": \"6.7\\\" Super Retina XDR\", \"battery\": \"Autonomie jusqu\'à 29h\", \"storage\": \"256 Go\", \"processor\": \"A17 Pro\"}','{\"color\": [{\"label\": \"Titane naturel\", \"price\": 0}, {\"label\": \"Titane bleu\", \"price\": 0}, {\"label\": \"Titane noir\", \"price\": 0}], \"storage\": [{\"label\": \"256 Go\", \"price\": 0}, {\"label\": \"512 Go\", \"price\": 230}, {\"label\": \"1 To\", \"price\": 460}]}','[\"/asset/image/apple/iphone-15-pro-max.jpg\", \"/asset/image/apple/iphone-15-pro-max-2.jpg\"]','[\"iphone\", \"apple\", \"15 pro max\", \"ios\"]','2026-06-07 18:43:41');
INSERT INTO `produits` (`id`, `nom`, `slug`, `categorie_id`, `marque`, `prix`, `ancien_prix`, `description`, `stock`, `est_nouveau`, `est_bestseller`, `note`, `nb_avis`, `specs`, `options`, `images`, `tags`, `cree_le`) VALUES (2,'iPhone 15 Pro','iphone-15-pro','cat_apple','Apple',1229.00,1329.00,'L\'iPhone 15 Pro, puissance et élégance dans un format compact.',22,1,0,0.0,0,'{\"os\": \"iOS 17\", \"ram\": \"8 Go\", \"camera\": \"48 Mpx + 12 Mpx + 12 Mpx\", \"screen\": \"6.1\\\" Super Retina XDR\", \"battery\": \"Autonomie jusqu\'à 23h\", \"storage\": \"128 Go\", \"processor\": \"A17 Pro\"}','{\"color\": [{\"label\": \"Titane naturel\", \"price\": 0}, {\"label\": \"Titane bleu\", \"price\": 0}, {\"label\": \"Titane noir\", \"price\": 0}], \"storage\": [{\"label\": \"128 Go\", \"price\": 0}, {\"label\": \"256 Go\", \"price\": 120}, {\"label\": \"512 Go\", \"price\": 250}]}','[\"/asset/image/apple/iphone-15-pro.jpg\", \"/asset/image/apple/iphone-15-pro-2.jpg\"]','[\"iphone\", \"apple\", \"15 pro\", \"ios\"]','2026-06-07 18:43:41');
INSERT INTO `produits` (`id`, `nom`, `slug`, `categorie_id`, `marque`, `prix`, `ancien_prix`, `description`, `stock`, `est_nouveau`, `est_bestseller`, `note`, `nb_avis`, `specs`, `options`, `images`, `tags`, `cree_le`) VALUES (3,'iPhone 15','iphone-15','cat_apple','Apple',969.00,NULL,'L\'iPhone 15, l\'essentiel avec l\'îlot dynamique et un appareil photo de 48 Mpx.',35,1,0,0.0,0,'{\"os\": \"iOS 17\", \"ram\": \"6 Go\", \"camera\": \"48 Mpx + 12 Mpx\", \"screen\": \"6.1\\\" Super Retina XDR\", \"battery\": \"Autonomie jusqu\'à 20h\", \"storage\": \"128 Go\", \"processor\": \"A16 Bionic\"}','{\"color\": [{\"label\": \"Rose\", \"price\": 0}, {\"label\": \"Jaune\", \"price\": 0}, {\"label\": \"Vert\", \"price\": 0}, {\"label\": \"Bleu\", \"price\": 0}, {\"label\": \"Noir\", \"price\": 0}], \"storage\": [{\"label\": \"128 Go\", \"price\": 0}, {\"label\": \"256 Go\", \"price\": 110}, {\"label\": \"512 Go\", \"price\": 230}]}','[\"/asset/image/apple/iphone-15.jpeg\", \"/asset/image/apple/iphone-15-2.jpg\"]','[\"iphone\", \"apple\", \"15\", \"ios\"]','2026-06-07 18:43:41');
INSERT INTO `produits` (`id`, `nom`, `slug`, `categorie_id`, `marque`, `prix`, `ancien_prix`, `description`, `stock`, `est_nouveau`, `est_bestseller`, `note`, `nb_avis`, `specs`, `options`, `images`, `tags`, `cree_le`) VALUES (4,'iPhone 14 Pro','iphone-14-pro','cat_apple','Apple',1099.00,1199.00,'L\'iPhone 14 Pro, encore performant avec son écran Always-On et la Dynamic Island.',12,0,0,4.5,2,'{\"os\": \"iOS 16\", \"ram\": \"6 Go\", \"camera\": \"48 Mpx + 12 Mpx + 12 Mpx\", \"screen\": \"6.1\\\" Super Retina XDR\", \"battery\": \"Autonomie jusqu\'à 23h\", \"storage\": \"256 Go\", \"processor\": \"A16 Bionic\"}','{\"color\": [{\"label\": \"Violet intense\", \"price\": 0}, {\"label\": \"Or\", \"price\": 0}, {\"label\": \"Argent\", \"price\": 0}, {\"label\": \"Noir sidéral\", \"price\": 0}], \"storage\": [{\"label\": \"256 Go\", \"price\": 0}, {\"label\": \"512 Go\", \"price\": 200}, {\"label\": \"1 To\", \"price\": 400}]}','[\"/asset/image/apple/iphone-14-pro.jpg\", \"/asset/image/apple/iphone-14-pro-2.jpg\"]','[\"iphone\", \"apple\", \"14 pro\", \"ios\"]','2026-06-07 18:43:41');
INSERT INTO `produits` (`id`, `nom`, `slug`, `categorie_id`, `marque`, `prix`, `ancien_prix`, `description`, `stock`, `est_nouveau`, `est_bestseller`, `note`, `nb_avis`, `specs`, `options`, `images`, `tags`, `cree_le`) VALUES (5,'iPhone 14','iphone-14','cat_apple','Apple',809.00,899.00,'L\'iPhone 14, un excellent rapport qualité-prix pour profiter de l\'écosystème Apple.',28,0,0,0.0,0,'{\"os\": \"iOS 16\", \"ram\": \"6 Go\", \"camera\": \"12 Mpx + 12 Mpx\", \"screen\": \"6.1\\\" Super Retina XDR\", \"battery\": \"Autonomie jusqu\'à 20h\", \"storage\": \"128 Go\", \"processor\": \"A15 Bionic\"}','{\"color\": [{\"label\": \"Bleu\", \"price\": 0}, {\"label\": \"Violet\", \"price\": 0}, {\"label\": \"Minuit\", \"price\": 0}, {\"label\": \"Lumière stellaire\", \"price\": 0}], \"storage\": [{\"label\": \"128 Go\", \"price\": 0}, {\"label\": \"256 Go\", \"price\": 100}, {\"label\": \"512 Go\", \"price\": 220}]}','[\"/asset/image/apple/iphone-14.jpg\", \"/asset/image/apple/iphone-14-2.jpg\"]','[\"iphone\", \"apple\", \"14\", \"ios\"]','2026-06-07 18:43:41');
INSERT INTO `produits` (`id`, `nom`, `slug`, `categorie_id`, `marque`, `prix`, `ancien_prix`, `description`, `stock`, `est_nouveau`, `est_bestseller`, `note`, `nb_avis`, `specs`, `options`, `images`, `tags`, `cree_le`) VALUES (6,'Apple Watch Series 9','apple-watch-series-9','cat_wearables','Apple',449.00,499.00,'L\'Apple Watch Series 9, avec le geste Double Tap et l\'écran le plus lumineux.',30,1,1,3.0,1,'{\"size\": \"45 mm\", \"screen\": \"Always-On Retina\", \"battery\": \"Jusqu\'à 18h\", \"sensors\": \"ECG, SpO2, accéléromètre\", \"processor\": \"S9 SiP\", \"connectivity\": \"GPS + Cellular\"}','{\"size\": [{\"label\": \"41 mm\", \"price\": 0}, {\"label\": \"45 mm\", \"price\": 30}], \"color\": [{\"label\": \"Aluminium minuit\", \"price\": 0}, {\"label\": \"Aluminium rose\", \"price\": 0}, {\"label\": \"Aluminium argent\", \"price\": 0}, {\"label\": \"Acier inox\", \"price\": 200}], \"connectivity\": [{\"label\": \"GPS\", \"price\": 0}, {\"label\": \"GPS + Cellular\", \"price\": 80}]}','[\"/asset/image/apple/apple watch series 9.jpg\", \"/asset/image/apple/apple watch series 9_2.jpg\"]','[\"apple\", \"watch\", \"montre\", \"montres\"]','2026-06-07 18:43:41');
INSERT INTO `produits` (`id`, `nom`, `slug`, `categorie_id`, `marque`, `prix`, `ancien_prix`, `description`, `stock`, `est_nouveau`, `est_bestseller`, `note`, `nb_avis`, `specs`, `options`, `images`, `tags`, `cree_le`) VALUES (7,'Apple Watch SE (2e génération)','apple-watch-se-2','cat_wearables','Apple',299.00,329.00,'L\'Apple Watch SE, toutes les essentiels à un prix abordable.',45,0,0,5.0,1,'{\"size\": \"44 mm\", \"screen\": \"Retina\", \"battery\": \"Jusqu\'à 18h\", \"sensors\": \"Accéléromètre, gyroscope\", \"processor\": \"S8 SiP\", \"connectivity\": \"GPS\"}','{\"size\": [{\"label\": \"40 mm\", \"price\": 0}, {\"label\": \"44 mm\", \"price\": 20}], \"color\": [{\"label\": \"Argent\", \"price\": 0}, {\"label\": \"Minuit\", \"price\": 0}, {\"label\": \"Rose\", \"price\": 0}], \"connectivity\": [{\"label\": \"GPS\", \"price\": 0}, {\"label\": \"GPS + Cellular\", \"price\": 60}]}','[\"/asset/image/apple/apple watch SE.jpg\", \"/asset/image/apple/apple watch SE_2.jpg\"]','[\"apple\", \"watch\", \"montre\"]','2026-06-07 18:43:41');
INSERT INTO `produits` (`id`, `nom`, `slug`, `categorie_id`, `marque`, `prix`, `ancien_prix`, `description`, `stock`, `est_nouveau`, `est_bestseller`, `note`, `nb_avis`, `specs`, `options`, `images`, `tags`, `cree_le`) VALUES (8,'Apple Watch Ultra 2','apple-watch-ultra-2','cat_wearables','Apple',899.00,949.00,'L\'Apple Watch Ultra 2, conçue pour les sports extrêmes et l\'aventure.',8,1,0,0.0,0,'{\"size\": \"49 mm\", \"screen\": \"Always-On Retina\", \"battery\": \"Jusqu\'à 36h\", \"sensors\": \"ECG, SpO2, sirène 86dB\", \"processor\": \"S9 SiP\", \"connectivity\": \"GPS + Cellular\"}','{\"bracelet\": [{\"label\": \"Alpine Loop\", \"price\": 0}, {\"label\": \"Trail Loop\", \"price\": 0}, {\"label\": \"Ocean Band\", \"price\": 0}]}','[\"/asset/image/apple/apple watch ultra 2.jpg\", \"/asset/image/apple/apple watch ultra 2_2.jpg\"]','[\"apple\", \"watch\", \"ultra\", \"montre\"]','2026-06-07 18:43:41');
INSERT INTO `produits` (`id`, `nom`, `slug`, `categorie_id`, `marque`, `prix`, `ancien_prix`, `description`, `stock`, `est_nouveau`, `est_bestseller`, `note`, `nb_avis`, `specs`, `options`, `images`, `tags`, `cree_le`) VALUES (9,'iPad Pro 12.9\" (6e génération)','ipad-pro-12-9','cat_tablets','Apple',1299.00,1399.00,'L\'iPad Pro avec puce M2, écran XDR et compatibilité Apple Pencil.',10,0,1,0.0,0,'{\"os\": \"iPadOS 17\", \"ram\": \"16 Go\", \"camera\": \"12 Mpx + 10 Mpx\", \"screen\": \"12.9\\\" Liquid Retina XDR\", \"battery\": \"Jusqu\'à 10h\", \"storage\": \"512 Go\", \"processor\": \"M2\"}','{\"storage\": [{\"label\": \"512 Go\", \"price\": 0}, {\"label\": \"1 To\", \"price\": 300}, {\"label\": \"2 To\", \"price\": 600}], \"connectivity\": [{\"label\": \"Wi-Fi\", \"price\": 0}, {\"label\": \"Wi-Fi + Cellular\", \"price\": 200}]}','[\"/asset/image/apple/apple ipad pro 12.9.jpg\", \"/asset/image/apple/apple ipad pro 12.9_2.jpg\"]','[\"ipad\", \"apple\", \"pro\", \"tablette\"]','2026-06-07 18:43:41');
INSERT INTO `produits` (`id`, `nom`, `slug`, `categorie_id`, `marque`, `prix`, `ancien_prix`, `description`, `stock`, `est_nouveau`, `est_bestseller`, `note`, `nb_avis`, `specs`, `options`, `images`, `tags`, `cree_le`) VALUES (10,'iPad Air 11\" (5e génération)','ipad-air-11','cat_tablets','Apple',699.00,749.00,'L\'iPad Air avec puce M1, un excellent compromis puissance/prix.',20,0,1,5.0,1,'{\"os\": \"iPadOS 17\", \"ram\": \"8 Go\", \"camera\": \"12 Mpx\", \"screen\": \"11\\\" Liquid Retina\", \"battery\": \"Jusqu\'à 10h\", \"storage\": \"256 Go\", \"processor\": \"M1\"}','{\"storage\": [{\"label\": \"64 Go\", \"price\": 0}, {\"label\": \"256 Go\", \"price\": 150}], \"connectivity\": [{\"label\": \"Wi-Fi\", \"price\": 0}, {\"label\": \"Wi-Fi + Cellular\", \"price\": 150}]}','[\"/asset/image/apple/apple ipad air 11.jpg\", \"/asset/image/apple/ipad air 11_2.jpg\"]','[\"ipad\", \"apple\", \"air\", \"tablette\"]','2026-06-07 18:43:41');
INSERT INTO `produits` (`id`, `nom`, `slug`, `categorie_id`, `marque`, `prix`, `ancien_prix`, `description`, `stock`, `est_nouveau`, `est_bestseller`, `note`, `nb_avis`, `specs`, `options`, `images`, `tags`, `cree_le`) VALUES (11,'iPad (10e génération)','ipad-10','cat_tablets','Apple',449.00,499.00,'L\'iPad tout écran, parfait pour le quotidien et les études.',35,1,0,5.0,1,'{\"os\": \"iPadOS 17\", \"ram\": \"4 Go\", \"camera\": \"12 Mpx\", \"screen\": \"10.9\\\" Liquid Retina\", \"battery\": \"Jusqu\'à 10h\", \"storage\": \"64 Go\", \"processor\": \"A14 Bionic\"}','{\"color\": [{\"label\": \"Bleu\", \"price\": 0}, {\"label\": \"Rose\", \"price\": 0}, {\"label\": \"Argent\", \"price\": 0}, {\"label\": \"Jaune\", \"price\": 0}], \"storage\": [{\"label\": \"64 Go\", \"price\": 0}, {\"label\": \"256 Go\", \"price\": 120}]}','[\"/asset/image/apple/ipad air 10ème.png\", \"/asset/image/apple/ipad air 10ème_2.jpg\"]','[\"ipad\", \"apple\", \"tablette\"]','2026-06-07 18:43:41');
INSERT INTO `produits` (`id`, `nom`, `slug`, `categorie_id`, `marque`, `prix`, `ancien_prix`, `description`, `stock`, `est_nouveau`, `est_bestseller`, `note`, `nb_avis`, `specs`, `options`, `images`, `tags`, `cree_le`) VALUES (12,'Samsung Galaxy S24 Ultra','samsung-galaxy-s24-ultra','cat_android','Samsung',1399.00,1499.00,'Le Samsung Galaxy S24 Ultra, l\'ultime smartphone avec S Pen et zoom x100.',12,1,1,0.0,0,'{\"os\": \"Android 14\", \"ram\": \"12 Go\", \"camera\": \"200 Mpx + 12 Mpx + 50 Mpx + 10 Mpx\", \"screen\": \"6.8\\\" Dynamic AMOLED 2X 120Hz\", \"battery\": \"5000 mAh\", \"storage\": \"512 Go\", \"processor\": \"Snapdragon 8 Gen 3\"}','{\"color\": [{\"label\": \"Titane gris\", \"price\": 0}, {\"label\": \"Titane violet\", \"price\": 0}, {\"label\": \"Titane noir\", \"price\": 0}], \"storage\": [{\"label\": \"512 Go\", \"price\": 0}, {\"label\": \"1 To\", \"price\": 200}]}','[\"/asset/image/android/samsungs24-ultra.jpg\", \"/asset/image/android/samsungs24-ultra2.jpg\"]','[\"samsung\", \"android\", \"galaxy s24\"]','2026-06-07 18:43:41');
INSERT INTO `produits` (`id`, `nom`, `slug`, `categorie_id`, `marque`, `prix`, `ancien_prix`, `description`, `stock`, `est_nouveau`, `est_bestseller`, `note`, `nb_avis`, `specs`, `options`, `images`, `tags`, `cree_le`) VALUES (13,'Samsung Galaxy S24+','samsung-galaxy-s24-plus','cat_android','Samsung',1119.00,1199.00,'Le Samsung Galaxy S24+, le grand format sans compromis.',15,1,0,0.0,0,'{\"os\": \"Android 14\", \"ram\": \"12 Go\", \"camera\": \"50 Mpx + 12 Mpx + 10 Mpx\", \"screen\": \"6.7\\\" Dynamic AMOLED 2X 120Hz\", \"battery\": \"4900 mAh\", \"storage\": \"256 Go\", \"processor\": \"Snapdragon 8 Gen 3\"}','{\"color\": [{\"label\": \"Onyx noir\", \"price\": 0}, {\"label\": \"Jade vert\", \"price\": 0}, {\"label\": \"Violet\", \"price\": 0}], \"storage\": [{\"label\": \"256 Go\", \"price\": 0}, {\"label\": \"512 Go\", \"price\": 120}]}','[\"/asset/image/android/samsungs24.jpg\", \"/asset/image/android/samsungs24_2.jpg\"]','[\"samsung\", \"android\", \"galaxy s24\"]','2026-06-07 18:43:41');
INSERT INTO `produits` (`id`, `nom`, `slug`, `categorie_id`, `marque`, `prix`, `ancien_prix`, `description`, `stock`, `est_nouveau`, `est_bestseller`, `note`, `nb_avis`, `specs`, `options`, `images`, `tags`, `cree_le`) VALUES (14,'Samsung Galaxy Z Fold5','samsung-galaxy-z-fold5','cat_android','Samsung',1799.00,1899.00,'Le Galaxy Z Fold5, le smartphone pliable qui se transforme en tablette.',5,0,0,0.0,0,'{\"os\": \"Android 13\", \"ram\": \"12 Go\", \"camera\": \"50 Mpx + 12 Mpx + 10 Mpx\", \"screen\": \"7.6\\\" Dynamic AMOLED 120Hz\", \"battery\": \"4400 mAh\", \"storage\": \"512 Go\", \"processor\": \"Snapdragon 8 Gen 2\"}','{\"color\": [{\"label\": \"Noir\", \"price\": 0}, {\"label\": \"Crème\", \"price\": 0}], \"storage\": [{\"label\": \"512 Go\", \"price\": 0}, {\"label\": \"1 To\", \"price\": 200}]}','[\"/asset/image/android/samsung_galaxyzfold5.jpg\", \"/asset/image/android/samsung_galaxyzfold5.jpg\"]','[\"samsung\", \"android\", \"fold\", \"pliable\"]','2026-06-07 18:43:41');
INSERT INTO `produits` (`id`, `nom`, `slug`, `categorie_id`, `marque`, `prix`, `ancien_prix`, `description`, `stock`, `est_nouveau`, `est_bestseller`, `note`, `nb_avis`, `specs`, `options`, `images`, `tags`, `cree_le`) VALUES (15,'Samsung Galaxy Z Flip5','samsung-galaxy-z-flip5','cat_android','Samsung',1099.00,1199.00,'Le Galaxy Z Flip5, le compact pliable avec grand écran externe.',18,0,1,4.5,2,'{\"os\": \"Android 13\", \"ram\": \"8 Go\", \"camera\": \"12 Mpx + 12 Mpx\", \"screen\": \"6.7\\\" Dynamic AMOLED 120Hz\", \"battery\": \"3700 mAh\", \"storage\": \"256 Go\", \"processor\": \"Snapdragon 8 Gen 2\"}','{\"color\": [{\"label\": \"Menthe\", \"price\": 0}, {\"label\": \"Lavande\", \"price\": 0}, {\"label\": \"Noir\", \"price\": 0}], \"storage\": [{\"label\": \"256 Go\", \"price\": 0}, {\"label\": \"512 Go\", \"price\": 120}]}','[\"/asset/image/android/Galaxy-Z-Flip-5.jpg\", \"/asset/image/android/Galaxy-Z-Flip-5-2.jpg\"]','[\"samsung\", \"android\", \"flip\", \"pliable\"]','2026-06-07 18:43:41');
INSERT INTO `produits` (`id`, `nom`, `slug`, `categorie_id`, `marque`, `prix`, `ancien_prix`, `description`, `stock`, `est_nouveau`, `est_bestseller`, `note`, `nb_avis`, `specs`, `options`, `images`, `tags`, `cree_le`) VALUES (16,'Samsung Galaxy A55','samsung-galaxy-a55','cat_android','Samsung',479.00,529.00,'Le Samsung Galaxy A55, un excellent milieu de gamme pour tous les jours.',40,1,0,3.0,1,'{\"os\": \"Android 14\", \"ram\": \"8 Go\", \"camera\": \"50 Mpx + 12 Mpx + 5 Mpx\", \"screen\": \"6.6\\\" Super AMOLED 120Hz\", \"battery\": \"5000 mAh\", \"storage\": \"128 Go\", \"processor\": \"Exynos 1480\"}','{\"color\": [{\"label\": \"Noir\", \"price\": 0}, {\"label\": \"Bleu\", \"price\": 0}, {\"label\": \"Violet\", \"price\": 0}], \"storage\": [{\"label\": \"128 Go\", \"price\": 0}, {\"label\": \"256 Go\", \"price\": 60}]}','[\"/asset/image/android/samsung_galaxy_a55.jpg\", \"/asset/image/android/samsung_galaxy_a55_2.webp\"]','[\"samsung\", \"android\", \"galaxy a\"]','2026-06-07 18:43:41');
INSERT INTO `produits` (`id`, `nom`, `slug`, `categorie_id`, `marque`, `prix`, `ancien_prix`, `description`, `stock`, `est_nouveau`, `est_bestseller`, `note`, `nb_avis`, `specs`, `options`, `images`, `tags`, `cree_le`) VALUES (17,'Google Pixel 8 Pro','google-pixel-8-pro','cat_android','Google',1099.00,NULL,'Le Pixel 8 Pro, avec l\'IA de Google et un appareil photo exceptionnel.',20,1,1,0.0,0,'{\"os\": \"Android 14\", \"ram\": \"12 Go\", \"camera\": \"50 Mpx + 48 Mpx + 48 Mpx\", \"screen\": \"6.7\\\" LTPO OLED 120Hz\", \"battery\": \"5050 mAh\", \"storage\": \"256 Go\", \"processor\": \"Google Tensor G3\"}','{\"color\": [{\"label\": \"Baie\", \"price\": 0}, {\"label\": \"Porcelaine\", \"price\": 0}, {\"label\": \"Noir\", \"price\": 0}], \"storage\": [{\"label\": \"256 Go\", \"price\": 0}, {\"label\": \"512 Go\", \"price\": 150}]}','[\"/asset/image/android/google_pixel8pro.jpg\", \"/asset/image/android/google_pixel8pro_2.jpg\"]','[\"google\", \"pixel\", \"android\"]','2026-06-07 18:43:41');
INSERT INTO `produits` (`id`, `nom`, `slug`, `categorie_id`, `marque`, `prix`, `ancien_prix`, `description`, `stock`, `est_nouveau`, `est_bestseller`, `note`, `nb_avis`, `specs`, `options`, `images`, `tags`, `cree_le`) VALUES (18,'Google Pixel 8','google-pixel-8','cat_android','Google',799.00,849.00,'Le Pixel 8, compact et puissant avec les fonctionnalités IA de Google.',25,1,0,0.0,0,'{\"os\": \"Android 14\", \"ram\": \"8 Go\", \"camera\": \"50 Mpx + 12 Mpx\", \"screen\": \"6.2\\\" OLED 120Hz\", \"battery\": \"4575 mAh\", \"storage\": \"128 Go\", \"processor\": \"Google Tensor G3\"}','{\"color\": [{\"label\": \"Rose\", \"price\": 0}, {\"label\": \"Vert\", \"price\": 0}, {\"label\": \"Noir\", \"price\": 0}], \"storage\": [{\"label\": \"128 Go\", \"price\": 0}, {\"label\": \"256 Go\", \"price\": 100}]}','[\"/asset/image/android/google_pixel8.jpg\", \"/asset/image/android/google_pixel8_2.jpg\"]','[\"google\", \"pixel\", \"android\"]','2026-06-07 18:43:41');
INSERT INTO `produits` (`id`, `nom`, `slug`, `categorie_id`, `marque`, `prix`, `ancien_prix`, `description`, `stock`, `est_nouveau`, `est_bestseller`, `note`, `nb_avis`, `specs`, `options`, `images`, `tags`, `cree_le`) VALUES (19,'Google Pixel 7 Pro','google-pixel-7-pro','cat_android','Google',899.00,999.00,'Le Pixel 7 Pro, un excellent choix pour la photo avec son téléobjectif.',15,0,0,3.0,1,'{\"os\": \"Android 13\", \"ram\": \"12 Go\", \"camera\": \"50 Mpx + 48 Mpx + 12 Mpx\", \"screen\": \"6.7\\\" LTPO OLED 120Hz\", \"battery\": \"5000 mAh\", \"storage\": \"256 Go\", \"processor\": \"Google Tensor G2\"}','{\"color\": [{\"label\": \"Noir\", \"price\": 0}, {\"label\": \"Blanc\", \"price\": 0}], \"storage\": [{\"label\": \"256 Go\", \"price\": 0}, {\"label\": \"512 Go\", \"price\": 130}]}','[\"/asset/image/android/google_pixel7pro.jpg\", \"/asset/image/android/google_pixel7pro_2.webp\"]','[\"google\", \"pixel\", \"android\"]','2026-06-07 18:43:41');
INSERT INTO `produits` (`id`, `nom`, `slug`, `categorie_id`, `marque`, `prix`, `ancien_prix`, `description`, `stock`, `est_nouveau`, `est_bestseller`, `note`, `nb_avis`, `specs`, `options`, `images`, `tags`, `cree_le`) VALUES (20,'Xiaomi 14 Ultra','xiaomi-14-ultra','cat_android','Xiaomi',1299.00,1399.00,'Le Xiaomi 14 Ultra, un appareil photo Leica quadri-capteur et une puissance exceptionnelle.',8,1,0,4.0,1,'{\"os\": \"Android 14\", \"ram\": \"16 Go\", \"camera\": \"50 Mpx + 50 Mpx + 50 Mpx + 50 Mpx\", \"screen\": \"6.73\\\" AMOLED 120Hz\", \"battery\": \"5300 mAh\", \"storage\": \"512 Go\", \"processor\": \"Snapdragon 8 Gen 3\"}','{\"color\": [{\"label\": \"Noir\", \"price\": 0}, {\"label\": \"Blanc\", \"price\": 0}], \"storage\": [{\"label\": \"512 Go\", \"price\": 0}, {\"label\": \"1 To\", \"price\": 200}]}','[\"/asset/image/android/xiaomi14ultra.webp\", \"/asset/image/android/xiaomi14ultra2.webp\"]','[\"xiaomi\", \"android\", \"smartphone\"]','2026-06-07 18:43:41');
INSERT INTO `produits` (`id`, `nom`, `slug`, `categorie_id`, `marque`, `prix`, `ancien_prix`, `description`, `stock`, `est_nouveau`, `est_bestseller`, `note`, `nb_avis`, `specs`, `options`, `images`, `tags`, `cree_le`) VALUES (21,'Xiaomi 13T Pro','xiaomi-13t-pro','cat_android','Xiaomi',649.00,699.00,'Le Xiaomi 13T Pro, co-développé avec Leica pour des photos sublimes.',22,0,1,0.0,0,'{\"os\": \"Android 13\", \"ram\": \"12 Go\", \"camera\": \"50 Mpx + 50 Mpx + 12 Mpx\", \"screen\": \"6.67\\\" AMOLED 144Hz\", \"battery\": \"5000 mAh\", \"storage\": \"256 Go\", \"processor\": \"Dimensity 9200+\"}','{\"color\": [{\"label\": \"Noir\", \"price\": 0}, {\"label\": \"Bleu\", \"price\": 0}], \"storage\": [{\"label\": \"256 Go\", \"price\": 0}, {\"label\": \"512 Go\", \"price\": 100}]}','[\"/asset/image/android/xiaomi13tpro.jpg\", \"/asset/image/android/xiaomi13tpro2.webp\"]','[\"xiaomi\", \"android\"]','2026-06-07 18:43:41');
INSERT INTO `produits` (`id`, `nom`, `slug`, `categorie_id`, `marque`, `prix`, `ancien_prix`, `description`, `stock`, `est_nouveau`, `est_bestseller`, `note`, `nb_avis`, `specs`, `options`, `images`, `tags`, `cree_le`) VALUES (22,'Samsung Galaxy Watch 6 Classic','samsung-galaxy-watch-6-classic','cat_wearables','Samsung',399.00,449.00,'La Galaxy Watch 6 Classic avec sa lunette tournante, idéale pour le sport et la santé.',25,0,1,3.0,1,'{\"size\": \"47 mm\", \"screen\": \"1.5\\\" Super AMOLED\", \"battery\": \"425 mAh\", \"sensors\": \"ECG, accéléromètre, gyroscope\", \"processor\": \"Exynos W930\", \"connectivity\": \"Bluetooth\"}','{\"size\": [{\"label\": \"43 mm\", \"price\": 0}, {\"label\": \"47 mm\", \"price\": 30}], \"connectivity\": [{\"label\": \"Bluetooth\", \"price\": 0}, {\"label\": \"4G\", \"price\": 50}]}','[\"/asset/image/android/samsunggalaxywatch6_classic.jpg\", \"/asset/image/android/samsung_galaxywatch6_classic.jpg\"]','[\"samsung\", \"watch\", \"android\"]','2026-06-07 18:43:41');
INSERT INTO `produits` (`id`, `nom`, `slug`, `categorie_id`, `marque`, `prix`, `ancien_prix`, `description`, `stock`, `est_nouveau`, `est_bestseller`, `note`, `nb_avis`, `specs`, `options`, `images`, `tags`, `cree_le`) VALUES (23,'Samsung Galaxy Watch 6','samsung-galaxy-watch-6','cat_wearables','Samsung',299.00,329.00,'La Galaxy Watch 6, le modèle compact pour un suivi santé précis.',30,0,0,3.0,1,'{\"size\": \"40 mm\", \"screen\": \"1.3\\\" Super AMOLED\", \"battery\": \"300 mAh\", \"sensors\": \"ECG, accéléromètre\", \"processor\": \"Exynos W930\", \"connectivity\": \"Bluetooth\"}','{\"size\": [{\"label\": \"40 mm\", \"price\": 0}, {\"label\": \"44 mm\", \"price\": 20}], \"color\": [{\"label\": \"Noir\", \"price\": 0}, {\"label\": \"Argent\", \"price\": 0}]}','[\"/asset/image/android/samsung_galaxywatch_6.webp\", \"/asset/image/android/samsung_galaxywatch_6_2.webp\"]','[\"samsung\", \"watch\", \"android\"]','2026-06-07 18:43:41');
INSERT INTO `produits` (`id`, `nom`, `slug`, `categorie_id`, `marque`, `prix`, `ancien_prix`, `description`, `stock`, `est_nouveau`, `est_bestseller`, `note`, `nb_avis`, `specs`, `options`, `images`, `tags`, `cree_le`) VALUES (24,'Fitbit Charge 6','fitbit-charge-6','cat_wearables','Fitbit',159.00,179.00,'Le Fitbit Charge 6, le tracker d\'activité ultime pour la santé et la forme.',60,1,1,4.0,1,'{\"screen\": \"OLED tactile\", \"battery\": \"Jusqu\'à 7 jours\", \"sensors\": \"ECG, SpO2, fréquence cardiaque, GPS connecté\", \"features\": \"Suivi d\'activité, sommeil, stress\"}','{\"color\": [{\"label\": \"Noir\", \"price\": 0}, {\"label\": \"Blanc\", \"price\": 0}, {\"label\": \"Bleu\", \"price\": 0}]}','[\"/asset/image/android/fitbit6charge.webp\", \"/asset/image/android/fitbit6charge2.jpg\"]','[\"fitbit\", \"tracker\"]','2026-06-07 18:43:41');
INSERT INTO `produits` (`id`, `nom`, `slug`, `categorie_id`, `marque`, `prix`, `ancien_prix`, `description`, `stock`, `est_nouveau`, `est_bestseller`, `note`, `nb_avis`, `specs`, `options`, `images`, `tags`, `cree_le`) VALUES (25,'Fitbit Versa 4','fitbit-versa-4','cat_wearables','Fitbit',199.00,229.00,'La Fitbit Versa 4, une montre connectée complète pour le sport et le quotidien.',35,0,0,4.5,2,'{\"screen\": \"AMOLED\", \"battery\": \"Jusqu\'à 6 jours\", \"sensors\": \"Fréquence cardiaque, SpO2\", \"features\": \"GPS intégré, suivi d\'activité\"}','{\"color\": [{\"label\": \"Noir\", \"price\": 0}, {\"label\": \"Rose\", \"price\": 0}, {\"label\": \"Bleu\", \"price\": 0}]}','[\"/asset/image/android/fitbitversa4.jpg\", \"/asset/image/android/fitbitversa4_2.jpeg\"]','[\"fitbit\", \"montre\"]','2026-06-07 18:43:41');
INSERT INTO `produits` (`id`, `nom`, `slug`, `categorie_id`, `marque`, `prix`, `ancien_prix`, `description`, `stock`, `est_nouveau`, `est_bestseller`, `note`, `nb_avis`, `specs`, `options`, `images`, `tags`, `cree_le`) VALUES (26,'Samsung Galaxy Tab S9 Ultra','samsung-galaxy-tab-s9-ultra','cat_tablets','Samsung',1199.00,1299.00,'La Galaxy Tab S9 Ultra, une tablette géante avec S Pen inclus.',8,1,1,4.0,1,'{\"os\": \"Android 13\", \"ram\": \"12 Go\", \"camera\": \"13 Mpx + 8 Mpx\", \"screen\": \"14.6\\\" Dynamic AMOLED 2X 120Hz\", \"battery\": \"11200 mAh\", \"storage\": \"256 Go\", \"processor\": \"Snapdragon 8 Gen 2\"}','{\"storage\": [{\"label\": \"256 Go\", \"price\": 0}, {\"label\": \"512 Go\", \"price\": 150}, {\"label\": \"1 To\", \"price\": 300}], \"connectivity\": [{\"label\": \"Wi-Fi\", \"price\": 0}, {\"label\": \"5G\", \"price\": 150}]}','[\"/asset/image/android/galaxytabs9ultra.jpg\", \"/asset/image/android/galaxytabs9ultra__2.webp\"]','[\"samsung\", \"android\", \"tablette\"]','2026-06-07 18:43:41');
INSERT INTO `produits` (`id`, `nom`, `slug`, `categorie_id`, `marque`, `prix`, `ancien_prix`, `description`, `stock`, `est_nouveau`, `est_bestseller`, `note`, `nb_avis`, `specs`, `options`, `images`, `tags`, `cree_le`) VALUES (27,'Samsung Galaxy Tab S9+','samsung-galaxy-tab-s9-plus','cat_tablets','Samsung',999.00,1099.00,'La Galaxy Tab S9+, le grand format polyvalent.',12,1,0,0.0,0,'{\"os\": \"Android 13\", \"ram\": \"12 Go\", \"camera\": \"13 Mpx + 8 Mpx\", \"screen\": \"12.4\\\" Dynamic AMOLED 2X 120Hz\", \"battery\": \"10090 mAh\", \"storage\": \"256 Go\", \"processor\": \"Snapdragon 8 Gen 2\"}','{\"storage\": [{\"label\": \"256 Go\", \"price\": 0}, {\"label\": \"512 Go\", \"price\": 150}], \"connectivity\": [{\"label\": \"Wi-Fi\", \"price\": 0}, {\"label\": \"5G\", \"price\": 130}]}','[\"/asset/image/android/galaxytabs9+.jpg\", \"/asset/image/android/galaxytabs9+_2.jpg\"]','[\"samsung\", \"android\", \"tablette\"]','2026-06-07 18:43:41');
INSERT INTO `produits` (`id`, `nom`, `slug`, `categorie_id`, `marque`, `prix`, `ancien_prix`, `description`, `stock`, `est_nouveau`, `est_bestseller`, `note`, `nb_avis`, `specs`, `options`, `images`, `tags`, `cree_le`) VALUES (28,'Samsung Galaxy Tab S9','samsung-galaxy-tab-s9','cat_tablets','Samsung',799.00,899.00,'La Galaxy Tab S9, la tablette compacte et puissante.',18,0,0,0.0,0,'{\"os\": \"Android 13\", \"ram\": \"8 Go\", \"camera\": \"13 Mpx\", \"screen\": \"11\\\" Dynamic AMOLED 2X 120Hz\", \"battery\": \"8400 mAh\", \"storage\": \"128 Go\", \"processor\": \"Snapdragon 8 Gen 2\"}','{\"storage\": [{\"label\": \"128 Go\", \"price\": 0}, {\"label\": \"256 Go\", \"price\": 100}], \"connectivity\": [{\"label\": \"Wi-Fi\", \"price\": 0}, {\"label\": \"5G\", \"price\": 120}]}','[\"/asset/image/android/galaxys9tab.webp\", \"/asset/image/android/galaxys9tab_2.jpg\"]','[\"samsung\", \"android\", \"tablette\"]','2026-06-07 18:43:41');
INSERT INTO `produits` (`id`, `nom`, `slug`, `categorie_id`, `marque`, `prix`, `ancien_prix`, `description`, `stock`, `est_nouveau`, `est_bestseller`, `note`, `nb_avis`, `specs`, `options`, `images`, `tags`, `cree_le`) VALUES (29,'Amazon Fire Max 11','amazon-fire-max-11','cat_tablets','Amazon',249.99,279.99,'La Fire Max 11, la tablette Amazon pour le divertissement et la productivité.',45,1,1,0.0,0,'{\"os\": \"Fire OS 8\", \"ram\": \"4 Go\", \"camera\": \"8 Mpx\", \"screen\": \"11\\\" LCD\", \"battery\": \"Jusqu\'à 14h\", \"storage\": \"64 Go\", \"processor\": \"MediaTek MT8188\"}','{\"storage\": [{\"label\": \"64 Go\", \"price\": 0}, {\"label\": \"128 Go\", \"price\": 40}], \"with_ads\": [{\"label\": \"Avec publicités\", \"price\": 0}, {\"label\": \"Sans publicités\", \"price\": 15}]}','[\"/asset/image/android/amazonfire_max_11.webp\", \"/asset/image/android/amazonfire_max_11_2.webp\"]','[\"amazon\", \"fire\", \"tablette\"]','2026-06-07 18:43:41');
INSERT INTO `produits` (`id`, `nom`, `slug`, `categorie_id`, `marque`, `prix`, `ancien_prix`, `description`, `stock`, `est_nouveau`, `est_bestseller`, `note`, `nb_avis`, `specs`, `options`, `images`, `tags`, `cree_le`) VALUES (30,'Amazon Fire HD 10','amazon-fire-hd-10','cat_tablets','Amazon',149.99,169.99,'La Fire HD 10, le meilleur rapport qualité-prix pour les films et les apps.',60,0,0,5.0,1,'{\"os\": \"Fire OS 8\", \"ram\": \"3 Go\", \"camera\": \"5 Mpx\", \"screen\": \"10.1\\\" 1080p\", \"battery\": \"Jusqu\'à 12h\", \"storage\": \"32 Go\", \"processor\": \"Octa-core\"}','{\"storage\": [{\"label\": \"32 Go\", \"price\": 0}, {\"label\": \"64 Go\", \"price\": 30}], \"with_ads\": [{\"label\": \"Avec publicités\", \"price\": 0}, {\"label\": \"Sans publicités\", \"price\": 15}]}','[\"/asset/image/android/amazonfire_hd_10.webp\", \"/asset/image/android/amazonfire_hd_10_2.jpg\"]','[\"amazon\", \"fire\", \"tablette\"]','2026-06-07 18:43:41');
INSERT INTO `produits` (`id`, `nom`, `slug`, `categorie_id`, `marque`, `prix`, `ancien_prix`, `description`, `stock`, `est_nouveau`, `est_bestseller`, `note`, `nb_avis`, `specs`, `options`, `images`, `tags`, `cree_le`) VALUES (31,'AirPods Pro (2e génération)','airpods-pro-2','cat_accessoires','Apple',279.00,299.00,'Les AirPods Pro 2 avec réduction de bruit améliorée et audio spatial.',50,1,1,5.0,1,'{\"type\": \"Écouteurs sans fil\", \"autonomie\": \"Jusqu\'à 6h (30h avec le boîtier)\", \"reduction\": \"Réduction de bruit active\", \"connectivite\": \"Bluetooth 5.3\"}','{\"gravure\": [{\"label\": \"Sans gravure\", \"price\": 0}, {\"label\": \"Gravure personnalisée\", \"price\": 0}]}','[\"/asset/image/apple/iphone-15-pro-max.jpg\", \"/asset/image/apple/iphone-15-pro-max-2.jpg\"]','[\"apple\", \"airpods\", \"ecouteurs\", \"accessoire\"]','2026-06-07 18:43:41');
INSERT INTO `produits` (`id`, `nom`, `slug`, `categorie_id`, `marque`, `prix`, `ancien_prix`, `description`, `stock`, `est_nouveau`, `est_bestseller`, `note`, `nb_avis`, `specs`, `options`, `images`, `tags`, `cree_le`) VALUES (32,'Chargeur USB-C 35W','chargeur-usb-c-35w','cat_accessoires','Autre',59.00,NULL,'Chargeur double USB-C 35W pour recharger deux appareils à la fois.',80,0,0,4.5,2,'{\"type\": \"Chargeur secteur\", \"ports\": \"2x USB-C\", \"puissance\": \"35W\", \"compatibilite\": \"iPhone, iPad, Android\"}','{}','[\"/asset/image/apple/iphone-15-pro.jpg\", \"/asset/image/apple/iphone-15-pro-2.jpg\"]','[\"chargeur\", \"usb-c\", \"accessoire\"]','2026-06-07 18:43:41');
INSERT INTO `produits` (`id`, `nom`, `slug`, `categorie_id`, `marque`, `prix`, `ancien_prix`, `description`, `stock`, `est_nouveau`, `est_bestseller`, `note`, `nb_avis`, `specs`, `options`, `images`, `tags`, `cree_le`) VALUES (33,'Coque silicone Premium','coque-silicone-premium','cat_accessoires','Autre',29.00,39.00,'Coque en silicone doux, protection renforcée et toucher agréable.',120,0,0,0.0,0,'{\"type\": \"Coque de protection\", \"matiere\": \"Silicone\", \"compatibilite\": \"iPhone 15 / 15 Pro\"}','{\"color\": [{\"label\": \"Noir\", \"price\": 0}, {\"label\": \"Bleu\", \"price\": 0}, {\"label\": \"Rose\", \"price\": 0}]}','[\"/asset/image/apple/iphone-15.jpeg\", \"/asset/image/apple/iphone-15-2.jpg\"]','[\"coque\", \"protection\", \"accessoire\"]','2026-06-07 18:43:41');
/*!40000 ALTER TABLE `produits` ENABLE KEYS */;
UNLOCK TABLES;

--
-- Dumping data for table `utilisateurs`
--

LOCK TABLES `utilisateurs` WRITE;
/*!40000 ALTER TABLE `utilisateurs` DISABLE KEYS */;
INSERT INTO `utilisateurs` (`id`, `prenom`, `nom`, `email`, `mot_de_passe`, `telephone`, `naissance`, `role`, `cree_le`) VALUES (1,'Admin','PearTech','admin@peartech.fr','$2a$10$FjGvktCZOi6JKc2w7.cGXOcUYf4tNvPND5zb2nEMcFi3QlQKskhUq',NULL,NULL,'admin','2026-06-07 18:43:41');
INSERT INTO `utilisateurs` (`id`, `prenom`, `nom`, `email`, `mot_de_passe`, `telephone`, `naissance`, `role`, `cree_le`) VALUES (2,'Jean','Dupont','demo@peartech.fr','$2a$10$1ugB2JglyiwmK6vSvztGWuj0m1c2G8VVSXzxxGXuCbqoLEwrKZZsy',NULL,NULL,'client','2026-06-07 18:43:41');
INSERT INTO `utilisateurs` (`id`, `prenom`, `nom`, `email`, `mot_de_passe`, `telephone`, `naissance`, `role`, `cree_le`) VALUES (3,'Marie','Martin','marie.martin@example.com','$2a$10$1ugB2JglyiwmK6vSvztGWuj0m1c2G8VVSXzxxGXuCbqoLEwrKZZsy',NULL,NULL,'client','2026-06-07 18:43:41');
INSERT INTO `utilisateurs` (`id`, `prenom`, `nom`, `email`, `mot_de_passe`, `telephone`, `naissance`, `role`, `cree_le`) VALUES (4,'Lucas','Bernard','lucas.bernard@example.com','$2a$10$1ugB2JglyiwmK6vSvztGWuj0m1c2G8VVSXzxxGXuCbqoLEwrKZZsy',NULL,NULL,'client','2026-06-07 18:43:41');
INSERT INTO `utilisateurs` (`id`, `prenom`, `nom`, `email`, `mot_de_passe`, `telephone`, `naissance`, `role`, `cree_le`) VALUES (5,'Emma','Petit','emma.petit@example.com','$2a$10$1ugB2JglyiwmK6vSvztGWuj0m1c2G8VVSXzxxGXuCbqoLEwrKZZsy',NULL,NULL,'client','2026-06-07 18:43:41');
INSERT INTO `utilisateurs` (`id`, `prenom`, `nom`, `email`, `mot_de_passe`, `telephone`, `naissance`, `role`, `cree_le`) VALUES (6,'Hugo','Robert','hugo.robert@example.com','$2a$10$1ugB2JglyiwmK6vSvztGWuj0m1c2G8VVSXzxxGXuCbqoLEwrKZZsy',NULL,NULL,'client','2026-06-07 18:43:41');
INSERT INTO `utilisateurs` (`id`, `prenom`, `nom`, `email`, `mot_de_passe`, `telephone`, `naissance`, `role`, `cree_le`) VALUES (7,'Léa','Richard','lea.richard@example.com','$2a$10$1ugB2JglyiwmK6vSvztGWuj0m1c2G8VVSXzxxGXuCbqoLEwrKZZsy',NULL,NULL,'client','2026-06-07 18:43:41');
INSERT INTO `utilisateurs` (`id`, `prenom`, `nom`, `email`, `mot_de_passe`, `telephone`, `naissance`, `role`, `cree_le`) VALUES (8,'Tom','Durand','tom.durand@example.com','$2a$10$1ugB2JglyiwmK6vSvztGWuj0m1c2G8VVSXzxxGXuCbqoLEwrKZZsy',NULL,NULL,'client','2026-06-07 18:43:41');
INSERT INTO `utilisateurs` (`id`, `prenom`, `nom`, `email`, `mot_de_passe`, `telephone`, `naissance`, `role`, `cree_le`) VALUES (9,'Chloé','Moreau','chloe.moreau@example.com','$2a$10$1ugB2JglyiwmK6vSvztGWuj0m1c2G8VVSXzxxGXuCbqoLEwrKZZsy',NULL,NULL,'client','2026-06-07 18:43:41');
INSERT INTO `utilisateurs` (`id`, `prenom`, `nom`, `email`, `mot_de_passe`, `telephone`, `naissance`, `role`, `cree_le`) VALUES (10,'Nathan','Simon','nathan.simon@example.com','$2a$10$1ugB2JglyiwmK6vSvztGWuj0m1c2G8VVSXzxxGXuCbqoLEwrKZZsy',NULL,NULL,'client','2026-06-07 18:43:42');
/*!40000 ALTER TABLE `utilisateurs` ENABLE KEYS */;
UNLOCK TABLES;

--
-- Dumping data for table `adresses`
--

LOCK TABLES `adresses` WRITE;
/*!40000 ALTER TABLE `adresses` DISABLE KEYS */;
INSERT INTO `adresses` (`id`, `utilisateur_id`, `nom`, `rue`, `complement`, `code_postal`, `ville`, `pays`, `principale`) VALUES (1,2,'Domicile','47 rue de la République',NULL,'14000','Paris','France',1);
INSERT INTO `adresses` (`id`, `utilisateur_id`, `nom`, `rue`, `complement`, `code_postal`, `ville`, `pays`, `principale`) VALUES (2,3,'Domicile','16 rue de la République',NULL,'52000','Paris','France',1);
INSERT INTO `adresses` (`id`, `utilisateur_id`, `nom`, `rue`, `complement`, `code_postal`, `ville`, `pays`, `principale`) VALUES (3,4,'Domicile','81 rue de la République',NULL,'68000','Paris','France',1);
INSERT INTO `adresses` (`id`, `utilisateur_id`, `nom`, `rue`, `complement`, `code_postal`, `ville`, `pays`, `principale`) VALUES (4,5,'Domicile','47 rue de la République',NULL,'92000','Paris','France',1);
INSERT INTO `adresses` (`id`, `utilisateur_id`, `nom`, `rue`, `complement`, `code_postal`, `ville`, `pays`, `principale`) VALUES (5,6,'Domicile','49 rue de la République',NULL,'86000','Paris','France',1);
/*!40000 ALTER TABLE `adresses` ENABLE KEYS */;
UNLOCK TABLES;

--
-- Dumping data for table `commandes`
--

LOCK TABLES `commandes` WRITE;
/*!40000 ALTER TABLE `commandes` DISABLE KEYS */;
INSERT INTO `commandes` (`id`, `utilisateur_id`, `sous_total`, `tva`, `frais_port`, `total`, `statut`, `adresse_livraison`, `cree_le`) VALUES (1,5,2387.00,397.83,0.00,2387.00,'expédiée','Adresse de livraison de test, 75001 Paris','2026-05-04 16:43:42');
INSERT INTO `commandes` (`id`, `utilisateur_id`, `sous_total`, `tva`, `frais_port`, `total`, `statut`, `adresse_livraison`, `cree_le`) VALUES (2,5,2297.98,383.00,0.00,2297.98,'payée','Adresse de livraison de test, 75001 Paris','2026-06-04 16:43:42');
INSERT INTO `commandes` (`id`, `utilisateur_id`, `sous_total`, `tva`, `frais_port`, `total`, `statut`, `adresse_livraison`, `cree_le`) VALUES (3,5,199.00,33.17,0.00,199.00,'annulée','Adresse de livraison de test, 75001 Paris','2026-04-23 16:43:42');
INSERT INTO `commandes` (`id`, `utilisateur_id`, `sous_total`, `tva`, `frais_port`, `total`, `statut`, `adresse_livraison`, `cree_le`) VALUES (4,5,898.00,149.67,0.00,898.00,'annulée','Adresse de livraison de test, 75001 Paris','2026-02-13 18:43:42');
INSERT INTO `commandes` (`id`, `utilisateur_id`, `sous_total`, `tva`, `frais_port`, `total`, `statut`, `adresse_livraison`, `cree_le`) VALUES (5,4,3996.00,666.00,0.00,3996.00,'payée','Adresse de livraison de test, 75001 Paris','2026-04-08 16:43:42');
INSERT INTO `commandes` (`id`, `utilisateur_id`, `sous_total`, `tva`, `frais_port`, `total`, `statut`, `adresse_livraison`, `cree_le`) VALUES (6,10,318.00,53.00,0.00,318.00,'annulée','Adresse de livraison de test, 75001 Paris','2026-01-23 18:43:42');
INSERT INTO `commandes` (`id`, `utilisateur_id`, `sous_total`, `tva`, `frais_port`, `total`, `statut`, `adresse_livraison`, `cree_le`) VALUES (7,5,2597.00,432.83,0.00,2597.00,'livrée','Adresse de livraison de test, 75001 Paris','2026-04-30 16:43:42');
INSERT INTO `commandes` (`id`, `utilisateur_id`, `sous_total`, `tva`, `frais_port`, `total`, `statut`, `adresse_livraison`, `cree_le`) VALUES (8,7,299.00,49.83,0.00,299.00,'payée','Adresse de livraison de test, 75001 Paris','2026-01-21 18:43:42');
INSERT INTO `commandes` (`id`, `utilisateur_id`, `sous_total`, `tva`, `frais_port`, `total`, `statut`, `adresse_livraison`, `cree_le`) VALUES (9,10,728.00,121.33,0.00,728.00,'en attente','Adresse de livraison de test, 75001 Paris','2026-03-15 18:43:42');
INSERT INTO `commandes` (`id`, `utilisateur_id`, `sous_total`, `tva`, `frais_port`, `total`, `statut`, `adresse_livraison`, `cree_le`) VALUES (10,9,449.00,74.83,0.00,449.00,'expédiée','Adresse de livraison de test, 75001 Paris','2026-05-27 16:43:42');
INSERT INTO `commandes` (`id`, `utilisateur_id`, `sous_total`, `tva`, `frais_port`, `total`, `statut`, `adresse_livraison`, `cree_le`) VALUES (11,7,2397.00,399.50,0.00,2397.00,'en attente','Adresse de livraison de test, 75001 Paris','2026-04-05 16:43:42');
INSERT INTO `commandes` (`id`, `utilisateur_id`, `sous_total`, `tva`, `frais_port`, `total`, `statut`, `adresse_livraison`, `cree_le`) VALUES (12,7,958.00,159.67,0.00,958.00,'expédiée','Adresse de livraison de test, 75001 Paris','2026-05-14 16:43:42');
INSERT INTO `commandes` (`id`, `utilisateur_id`, `sous_total`, `tva`, `frais_port`, `total`, `statut`, `adresse_livraison`, `cree_le`) VALUES (13,10,279.00,46.50,0.00,279.00,'livrée','Adresse de livraison de test, 75001 Paris','2026-02-09 18:43:42');
INSERT INTO `commandes` (`id`, `utilisateur_id`, `sous_total`, `tva`, `frais_port`, `total`, `statut`, `adresse_livraison`, `cree_le`) VALUES (14,7,1099.00,183.17,0.00,1099.00,'livrée','Adresse de livraison de test, 75001 Paris','2026-05-18 16:43:42');
INSERT INTO `commandes` (`id`, `utilisateur_id`, `sous_total`, `tva`, `frais_port`, `total`, `statut`, `adresse_livraison`, `cree_le`) VALUES (15,7,1597.00,266.17,0.00,1597.00,'payée','Adresse de livraison de test, 75001 Paris','2026-03-28 18:43:42');
INSERT INTO `commandes` (`id`, `utilisateur_id`, `sous_total`, `tva`, `frais_port`, `total`, `statut`, `adresse_livraison`, `cree_le`) VALUES (16,2,969.00,161.50,0.00,969.00,'annulée','10 rue Test, 75001 Paris','2026-06-07 18:45:22');
/*!40000 ALTER TABLE `commandes` ENABLE KEYS */;
UNLOCK TABLES;

--
-- Dumping data for table `commande_articles`
--

LOCK TABLES `commande_articles` WRITE;
/*!40000 ALTER TABLE `commande_articles` DISABLE KEYS */;
INSERT INTO `commande_articles` (`id`, `commande_id`, `produit_id`, `nom_produit`, `prix_unitaire`, `quantite`, `options`) VALUES (1,1,3,'iPhone 15',969.00,2,NULL);
INSERT INTO `commande_articles` (`id`, `commande_id`, `produit_id`, `nom_produit`, `prix_unitaire`, `quantite`, `options`) VALUES (2,1,11,'iPad (10e génération)',449.00,1,NULL);
INSERT INTO `commande_articles` (`id`, `commande_id`, `produit_id`, `nom_produit`, `prix_unitaire`, `quantite`, `options`) VALUES (3,2,26,'Samsung Galaxy Tab S9 Ultra',1199.00,1,NULL);
INSERT INTO `commande_articles` (`id`, `commande_id`, `produit_id`, `nom_produit`, `prix_unitaire`, `quantite`, `options`) VALUES (4,2,30,'Amazon Fire HD 10',149.99,2,NULL);
INSERT INTO `commande_articles` (`id`, `commande_id`, `produit_id`, `nom_produit`, `prix_unitaire`, `quantite`, `options`) VALUES (5,2,18,'Google Pixel 8',799.00,1,NULL);
INSERT INTO `commande_articles` (`id`, `commande_id`, `produit_id`, `nom_produit`, `prix_unitaire`, `quantite`, `options`) VALUES (6,3,25,'Fitbit Versa 4',199.00,1,NULL);
INSERT INTO `commande_articles` (`id`, `commande_id`, `produit_id`, `nom_produit`, `prix_unitaire`, `quantite`, `options`) VALUES (7,4,11,'iPad (10e génération)',449.00,2,NULL);
INSERT INTO `commande_articles` (`id`, `commande_id`, `produit_id`, `nom_produit`, `prix_unitaire`, `quantite`, `options`) VALUES (8,5,4,'iPhone 14 Pro',1099.00,2,NULL);
INSERT INTO `commande_articles` (`id`, `commande_id`, `produit_id`, `nom_produit`, `prix_unitaire`, `quantite`, `options`) VALUES (9,5,8,'Apple Watch Ultra 2',899.00,2,NULL);
INSERT INTO `commande_articles` (`id`, `commande_id`, `produit_id`, `nom_produit`, `prix_unitaire`, `quantite`, `options`) VALUES (10,6,24,'Fitbit Charge 6',159.00,2,NULL);
INSERT INTO `commande_articles` (`id`, `commande_id`, `produit_id`, `nom_produit`, `prix_unitaire`, `quantite`, `options`) VALUES (11,7,22,'Samsung Galaxy Watch 6 Classic',399.00,2,NULL);
INSERT INTO `commande_articles` (`id`, `commande_id`, `produit_id`, `nom_produit`, `prix_unitaire`, `quantite`, `options`) VALUES (12,7,14,'Samsung Galaxy Z Fold5',1799.00,1,NULL);
INSERT INTO `commande_articles` (`id`, `commande_id`, `produit_id`, `nom_produit`, `prix_unitaire`, `quantite`, `options`) VALUES (13,8,23,'Samsung Galaxy Watch 6',299.00,1,NULL);
INSERT INTO `commande_articles` (`id`, `commande_id`, `produit_id`, `nom_produit`, `prix_unitaire`, `quantite`, `options`) VALUES (14,9,11,'iPad (10e génération)',449.00,1,NULL);
INSERT INTO `commande_articles` (`id`, `commande_id`, `produit_id`, `nom_produit`, `prix_unitaire`, `quantite`, `options`) VALUES (15,9,31,'AirPods Pro (2e génération)',279.00,1,NULL);
INSERT INTO `commande_articles` (`id`, `commande_id`, `produit_id`, `nom_produit`, `prix_unitaire`, `quantite`, `options`) VALUES (16,10,11,'iPad (10e génération)',449.00,1,NULL);
INSERT INTO `commande_articles` (`id`, `commande_id`, `produit_id`, `nom_produit`, `prix_unitaire`, `quantite`, `options`) VALUES (17,11,18,'Google Pixel 8',799.00,1,NULL);
INSERT INTO `commande_articles` (`id`, `commande_id`, `produit_id`, `nom_produit`, `prix_unitaire`, `quantite`, `options`) VALUES (18,11,18,'Google Pixel 8',799.00,2,NULL);
INSERT INTO `commande_articles` (`id`, `commande_id`, `produit_id`, `nom_produit`, `prix_unitaire`, `quantite`, `options`) VALUES (19,12,16,'Samsung Galaxy A55',479.00,2,NULL);
INSERT INTO `commande_articles` (`id`, `commande_id`, `produit_id`, `nom_produit`, `prix_unitaire`, `quantite`, `options`) VALUES (20,13,31,'AirPods Pro (2e génération)',279.00,1,NULL);
INSERT INTO `commande_articles` (`id`, `commande_id`, `produit_id`, `nom_produit`, `prix_unitaire`, `quantite`, `options`) VALUES (21,14,4,'iPhone 14 Pro',1099.00,1,NULL);
INSERT INTO `commande_articles` (`id`, `commande_id`, `produit_id`, `nom_produit`, `prix_unitaire`, `quantite`, `options`) VALUES (22,15,23,'Samsung Galaxy Watch 6',299.00,1,NULL);
INSERT INTO `commande_articles` (`id`, `commande_id`, `produit_id`, `nom_produit`, `prix_unitaire`, `quantite`, `options`) VALUES (23,15,21,'Xiaomi 13T Pro',649.00,2,NULL);
INSERT INTO `commande_articles` (`id`, `commande_id`, `produit_id`, `nom_produit`, `prix_unitaire`, `quantite`, `options`) VALUES (24,16,3,'iPhone 15',969.00,1,'{}');
/*!40000 ALTER TABLE `commande_articles` ENABLE KEYS */;
UNLOCK TABLES;

--
-- Dumping data for table `reviews`
--

LOCK TABLES `reviews` WRITE;
/*!40000 ALTER TABLE `reviews` DISABLE KEYS */;
INSERT INTO `reviews` (`id`, `utilisateur_id`, `produit_id`, `note`, `commentaire`, `cree_le`) VALUES (1,9,4,4,'Conforme à mes attentes.','2026-06-07 18:43:42');
INSERT INTO `reviews` (`id`, `utilisateur_id`, `produit_id`, `note`, `commentaire`, `cree_le`) VALUES (2,10,15,5,'Parfait, rien à redire.','2026-06-07 18:43:42');
INSERT INTO `reviews` (`id`, `utilisateur_id`, `produit_id`, `note`, `commentaire`, `cree_le`) VALUES (3,3,32,5,'Conforme à mes attentes.','2026-06-07 18:43:42');
INSERT INTO `reviews` (`id`, `utilisateur_id`, `produit_id`, `note`, `commentaire`, `cree_le`) VALUES (4,7,16,3,'Un peu cher mais ça vaut le coup.','2026-06-07 18:43:42');
INSERT INTO `reviews` (`id`, `utilisateur_id`, `produit_id`, `note`, `commentaire`, `cree_le`) VALUES (5,6,22,3,'Excellent produit, je recommande !','2026-06-07 18:43:42');
INSERT INTO `reviews` (`id`, `utilisateur_id`, `produit_id`, `note`, `commentaire`, `cree_le`) VALUES (6,5,6,3,'Conforme à mes attentes.','2026-06-07 18:43:42');
INSERT INTO `reviews` (`id`, `utilisateur_id`, `produit_id`, `note`, `commentaire`, `cree_le`) VALUES (7,8,24,4,'Bonne qualité générale.','2026-06-07 18:43:42');
INSERT INTO `reviews` (`id`, `utilisateur_id`, `produit_id`, `note`, `commentaire`, `cree_le`) VALUES (8,7,11,5,'Conforme à mes attentes.','2026-06-07 18:43:42');
INSERT INTO `reviews` (`id`, `utilisateur_id`, `produit_id`, `note`, `commentaire`, `cree_le`) VALUES (9,10,19,3,'Excellent produit, je recommande !','2026-06-07 18:43:42');
INSERT INTO `reviews` (`id`, `utilisateur_id`, `produit_id`, `note`, `commentaire`, `cree_le`) VALUES (10,8,7,5,'Parfait, rien à redire.','2026-06-07 18:43:42');
INSERT INTO `reviews` (`id`, `utilisateur_id`, `produit_id`, `note`, `commentaire`, `cree_le`) VALUES (11,10,26,4,'Correct sans plus.','2026-06-07 18:43:42');
INSERT INTO `reviews` (`id`, `utilisateur_id`, `produit_id`, `note`, `commentaire`, `cree_le`) VALUES (12,4,15,4,'Déçu, je m\'attendais à mieux.','2026-06-07 18:43:42');
INSERT INTO `reviews` (`id`, `utilisateur_id`, `produit_id`, `note`, `commentaire`, `cree_le`) VALUES (13,10,25,5,'Correct sans plus.','2026-06-07 18:43:42');
INSERT INTO `reviews` (`id`, `utilisateur_id`, `produit_id`, `note`, `commentaire`, `cree_le`) VALUES (14,5,4,5,'Livraison rapide, produit nickel.','2026-06-07 18:43:42');
INSERT INTO `reviews` (`id`, `utilisateur_id`, `produit_id`, `note`, `commentaire`, `cree_le`) VALUES (15,7,10,5,'Livraison rapide, produit nickel.','2026-06-07 18:43:42');
INSERT INTO `reviews` (`id`, `utilisateur_id`, `produit_id`, `note`, `commentaire`, `cree_le`) VALUES (16,10,23,3,'Je rachèterai sans hésiter.','2026-06-07 18:43:42');
INSERT INTO `reviews` (`id`, `utilisateur_id`, `produit_id`, `note`, `commentaire`, `cree_le`) VALUES (17,5,25,4,'Excellent produit, je recommande !','2026-06-07 18:43:42');
INSERT INTO `reviews` (`id`, `utilisateur_id`, `produit_id`, `note`, `commentaire`, `cree_le`) VALUES (18,2,32,4,'Déçu, je m\'attendais à mieux.','2026-06-07 18:43:42');
INSERT INTO `reviews` (`id`, `utilisateur_id`, `produit_id`, `note`, `commentaire`, `cree_le`) VALUES (19,10,30,5,'Livraison rapide, produit nickel.','2026-06-07 18:43:42');
INSERT INTO `reviews` (`id`, `utilisateur_id`, `produit_id`, `note`, `commentaire`, `cree_le`) VALUES (20,2,20,4,'Bonne qualité générale.','2026-06-07 18:43:42');
INSERT INTO `reviews` (`id`, `utilisateur_id`, `produit_id`, `note`, `commentaire`, `cree_le`) VALUES (21,2,31,5,'Test avis CCP2','2026-06-07 18:45:18');
/*!40000 ALTER TABLE `reviews` ENABLE KEYS */;
UNLOCK TABLES;
/*!40103 SET TIME_ZONE=@OLD_TIME_ZONE */;

/*!40101 SET SQL_MODE=@OLD_SQL_MODE */;
/*!40014 SET FOREIGN_KEY_CHECKS=@OLD_FOREIGN_KEY_CHECKS */;
/*!40014 SET UNIQUE_CHECKS=@OLD_UNIQUE_CHECKS */;
/*!40101 SET CHARACTER_SET_CLIENT=@OLD_CHARACTER_SET_CLIENT */;
/*!40101 SET CHARACTER_SET_RESULTS=@OLD_CHARACTER_SET_RESULTS */;
/*!40101 SET COLLATION_CONNECTION=@OLD_COLLATION_CONNECTION */;
/*!40111 SET SQL_NOTES=@OLD_SQL_NOTES */;

-- Dump completed on 2026-06-07 20:48:56
SET FOREIGN_KEY_CHECKS = 1;
